{
    "available_space": true,
    "id": "n1",
    "size_max": 27.17172336578369,
    "size_mean": 9.450027556646438,
    "size_min": 1.6882658004760742,
    "total_size": 595.3517360687256
}