{
    "available_space": false,
    "id": "n1",
    "size_max": 37.4159631729126,
    "size_mean": 9.648984414880927,
    "size_min": 1.274714469909668,
    "total_size": 1061.3882856369019
}